Quantum Security,,,,,,,,,,,,,,,,,,,,,,,,,,,,,,,,,,,,,,,,,,,,,,,,,,
,Fortinet,,,,,,,,Cisco,,,,,,,,HPE,,,,,,,,Palo Alto,,,,,,,,Checkpoint,,,,,,,,Crowdstrike,,,,Cato Network,,,Sentinelone,,
Section / Metric,2025 Jul,2025 Aug,2025 Sep,2025 Oct,2025 Nov,2025 Dec,2026 Jan,2026 Feb,2025 Jul,2025 Aug,2025 Sep,2025 Oct,2025 Nov,2025 Dec,2026 Jan,2026 Feb,2025 Jul,2025 Aug,2025 Sep,2025 Oct,2025 Nov,2025 Dec,2026 Jan,2026 Feb,2025 Jul,2025 Aug,2025 Sep,2025 Oct,2025 Nov,2025 Dec,2026 Jan,2026 Feb,2025 Jul,2025 Aug,2025 Sep,2025 Oct,2025 Nov,2025 Dec,2026 Jan,2026 Feb,2025 Nov,2025 Dec,2026 Jan,2026 Feb,2025 Dec,2026 Jan,2026 Feb,2025 Dec,2026 Jan,2026 Feb
Total Keywords,,,,,,,,,,,,,,,,,,,,,,,,,,,,,,,,,,,,,,,,,,,,,,,,,,
Quantum Security,,,,,,3,3,3,,,,,,5,4,4,,,,,,0,,0,,,,,,6,4,4,,,,,,1,1,1,,,,0,,,0,,,0
Cumulative Traffic,,,,,,,,,,,,,,,,,,,,,,,,,,,,,,,,,,,,,,,,,,,,,,,,,,
Quantum Security,,,,,,15,12,27,,,,,,14,12,15,,,,,,0,0,0,,,,,,128,128,128,,,,,,0,0,0,,,,0,,,0,,,0
No. of KWs Ranking on Page 1,,,,,,,,,,,,,,,,,,,,,,,,,,,,,,,,,,,,,,,,,,,,,,,,,,
Quantum Security,,,,,,3,3,3,,,,,,4,2,3,,,,,,0,0,0,,,,,,6,4,4,,,,,,,,0,,,,0,,,0,,,0
AIO,,,,,,,,,,,,,,,,,,,,,,,,,,,,,,,,,,,,,,,,,,,,,,,,,,
Quantum Security,,,,,,1,1,1,,,,,,3,3,3,,,,,,0,,0,,,,,,2,2,2,,,,,,1,1,1,,,,0,0,0,0,0,0,0