Cloud Security,,,,,,,,,,,,,,,,,,,,,,,,,,,,,,,,,,,,,,,,,,,,,,,,,,
,Fortinet,,,,,,,,Cisco,,,,,,,,HPE,,,,,,,,Palo Alto,,,,,,,,Checkpoint,,,,,,,,Crowdstrike,,,,Cato Network,,,Sentinelone,,
Section / Metric,2025 Jul,2025 Aug,2025 Sep,2025 Oct,2025 Nov,2025 Dec,2026 Jan,2026 Feb,2025 Jul,2025 Aug,2025 Sep,2025 Oct,2025 Nov,2025 Dec,2026 Jan,2026 Feb,2025 Jul,2025 Aug,2025 Sep,2025 Oct,2025 Nov,2025 Dec,2026 Jan,2026 Feb,2025 Jul,2025 Aug,2025 Sep,2025 Oct,2025 Nov,2025 Dec,2026 Jan,2026 Feb,2025 Jul,2025 Aug,2025 Sep,2025 Oct,2025 Nov,2025 Dec,2026 Jan,2026 Feb,2025 Nov,2025 Dec,2026 Jan,2026 Feb,2025 Dec,2026 Jan,2026 Feb,2025 Dec,2026 Jan,2026 Feb
Total Keywords,,,,,,,,,,,,,,,,,,,,,,,,,,,,,,,,,,,,,,,,,,,,,,,,,,
Cloud Security,,538,259,231,259,299,275,305,,471,177,127,137,165,157,167,,64,22,19,20,19,20,26,,502,265,203,219,254,239,277,,552,293,237,223,215,208,221,303,323,290,317,41,41,49,376,376,370
Cumulative Traffic,,,,,,,,,,,,,,,,,,,,,,,,,,,,,,,,,,,,,,,,,,,,,,,,,,
Cloud Security,,"13,433","25,775","13,737","1,44,268","48,266","48,119","1,38,334",,633,450,"1,008",633,734,821,"1,550",,267,279,380,458,840,407,947,,"1,18,654","90,426","29,305","1,78,295","1,71,256","2,13,347","71,718",,"3,67,241","2,24,793","74,645","5,634","5,246","3,393","24,300","62,044","1,14,510","1,76,313","19,111",34,36,59,"25,634","15,386","2,26,115"
No. of KWs Ranking on Page 1,,,,,,,,,,,,,,,,,,,,,,,,,,,,,,,,,,,,,,,,,,,,,,,,,,
Cloud Security,,109,142,163,179,199,173,206,,58,47,57,48,49,38,47,,11,11,11,14,9,9,10,,143,150,149,149,164,138,174,,179,177,175,142,91,86,87,249,234,198,223,7,6,10,320,317,318
AIO,,,,,,,,,,,,,,,,,,,,,,,,,,,,,,,,,,,,,,,,,,,,,,,,,,
Cloud Security,,181,91,104,143,180,180,190,,142,51,48,95,121,118,122,,14,10,7,15,16,18,23,,164,89,77,115,140,153,165,,181,116,118,138,151,152,156,149,179,182,191,38,39,42,210,207,203